id,user,picture,skillToLearn,skillToTeach,mode,location ,availability
1,1,https://randomuser.me/api/portraits/women/31.jpg,Yoga,Meditation,online,"Lisbon, PT","Monday to Friday, after 6:00 pm"
2,2,https://randomuser.me/api/portraits/men/4.jpg,Meditation,Breathwork,in-person,"Porto, PT","Saturdays, 12:00 pm - 3:00 pm"
3,3,https://randomuser.me/api/portraits/women/5.jpg,Surfing,Mindfulness,in-person,"Barcelona, ES","Mondays and Wednesdays, 9:00 am - 12:00 pm"
4,4,https://randomuser.me/api/portraits/men/20.jpg,Skateboarding,Nutrition,online,"Madrid, ES","Fridays, 1:00 pm - 5:00 pm"
5,5,https://randomuser.me/api/portraits/men/87.jpg,Pilates,Acrobatics,online,"Valencia, ES","Weekends, any time"
6,6,https://randomuser.me/api/portraits/men/40.jpg,Spirituality,Painting,in-person,"Rome, IT","Tuesday and Thursday, 6:00 pm - 9:00 pm"
7,7,https://randomuser.me/api/portraits/men/36.jpg,Rock Climbing,Photography,online,"Milan, IT","Wednesdays, 3:00 pm - 7:00 pm"
8,8,https://randomuser.me/api/portraits/men/5.jpg,Martial Arts,Life Coaching,online,"Paris, FR","Monday to Friday, mornings"
9,9,https://randomuser.me/api/portraits/women/23.jpg,Photography,Sound Healing,in-person,"Nice, FR","Saturdays, 10:00 am - 2:00 pm"
10,10,https://randomuser.me/api/portraits/men/7.jpg,Cooking,Dance,in-person,"Berlin, DE","Sundays, all day"
11,11,https://randomuser.me/api/portraits/men/83.jpg,Ballet,Surfing,online,"Munich, DE","Mondays, after 5:00 pm"
12,12,https://randomuser.me/api/portraits/women/86.jpg,Cycling,Yoga,in-person,"Hamburg, DE","Weekends, afternoons"
13,13,https://randomuser.me/api/portraits/men/28.jpg,Gardening,Pilates,online,"London, UK","Thursdays, 4:00 pm - 6:00 pm"
14,14,https://randomuser.me/api/portraits/women/25.jpg,Drawing,Strength Training,online,"Manchester, UK","Sundays, 1:00 pm - 4:00 pm"
15,15,https://randomuser.me/api/portraits/women/33.jpg,Sculpting,Tai Chi,in-person,"Bristol, UK","Monday to Friday, 8:00 am - 11:00 am"
16,16,https://randomuser.me/api/portraits/women/55.jpg,Music Theory,Jiu-Jitsu,online,"Edinburgh, UK","Tuesdays, 5:00 pm - 8:00 pm"
17,17,https://randomuser.me/api/portraits/men/13.jpg,Fencing,Public Speaking,in-person,"Dublin, IE","Saturdays, mornings"
18,18,https://randomuser.me/api/portraits/men/57.jpg,Swimming,Creative Writing,in-person,"Cork, IE","Mondays, 10:00 am - 1:00 pm"
19,19,https://randomuser.me/api/portraits/men/82.jpg,Dancing,Cooking,online,"Amsterdam, NL","Wednesdays, 2:00 pm - 5:00 pm"
20,20,https://randomuser.me/api/portraits/men/78.jpg,Chess,Chess,in-person,"Rotterdam, NL","Mondays and Fridays, 6:00 pm - 9:00 pm"
21,21,https://randomuser.me/api/portraits/women/23.jpg,Salsa,Digital Marketing,online,"Brussels, BE","Weekends, 11:00 am - 3:00 pm"
22,22,https://randomuser.me/api/portraits/women/71.jpg,Writing,Social Media Management,in-person,"Antwerp, BE","Tuesdays and Thursdays, after 6:00 pm"
23,23,https://randomuser.me/api/portraits/men/24.jpg,Calligraphy,Woodworking,in-person,"Zurich, CH","Fridays, 3:00 pm - 6:00 pm"
24,24,https://randomuser.me/api/portraits/women/59.jpg,Judo,Graphic Design,online,"Geneva, CH","Wednesdays, 12:00 pm - 4:00 pm"
25,25,https://randomuser.me/api/portraits/men/42.jpg,Baseball,Web Development,online,"Vienna, AT","Mondays and Wednesdays, 5:00 pm - 8:00 pm"
26,26,https://randomuser.me/api/portraits/men/9.jpg,Football,Machine Learning,in-person,"Salzburg, AT","Saturdays, 9:00 am - 12:00 pm"
27,27,https://randomuser.me/api/portraits/women/5.jpg,Brazilian Jiu-Jitsu,Data Analysis,in-person,"Prague, CZ","Sundays, 2:00 pm - 6:00 pm"
28,28,https://randomuser.me/api/portraits/men/18.jpg,Drawing,Blockchain Basics,online,"Brno, CZ","Monday to Friday, afternoons"
29,29,https://randomuser.me/api/portraits/men/18.jpg,Aikido,Singing,in-person,"Warsaw, PL","Weekends, 10:00 am - 2:00 pm"
30,30,https://randomuser.me/api/portraits/men/1.jpg,Tennis,Guitar,in-person,"Rancagua, CL","Mondays, 1:00 pm - 3:00 pm"
31,31,https://randomuser.me/api/portraits/women/32.jpg,Painting,Piano,online,"Budapest, HU","Thursdays, 3:00 pm - 5:00 pm"
32,32,https://randomuser.me/api/portraits/men/18.jpg,Skiing,Drums,online,"Belgrade, RS","Tuesdays, 8:00 am - 10:00 am"
33,33,https://randomuser.me/api/portraits/women/63.jpg,Cooking,DJing,in-person,"Athens, GR","Mondays, 9:00 am - 11:00 am"
34,34,https://randomuser.me/api/portraits/men/28.jpg,Barbecue,Music Production,in-person,"Thessaloniki, GR","Wednesdays, 6:00 pm - 8:00 pm"
35,35,https://randomuser.me/api/portraits/women/76.jpg,Hiking,Videography,online,"Sofia, BG","Fridays, 2:00 pm - 4:00 pm"
36,36,https://randomuser.me/api/portraits/women/15.jpg,Sculpting,Screenwriting,in-person,"Bucharest, RO","Tuesdays, afternoons"
37,37,https://randomuser.me/api/portraits/men/75.jpg,Web Design,Podcasting,online,"Kyiv, UA","Saturdays, after 3:00 pm"
38,38,https://randomuser.me/api/portraits/men/69.jpg,Knitting,Gardening,in-person,"Odessa, UA","Weekends, mornings"
39,39,https://randomuser.me/api/portraits/women/70.jpg,Spiritual Healing,Pottery,online,"Minsk, BY","Monday to Friday, 10:00 am - 12:00 pm"
40,40,https://randomuser.me/api/portraits/men/98.jpg,Herbalism,Knitting,in-person,"Vilnius, LT","Mondays and Fridays, 5:00 pm - 7:00 pm"
41,41,https://randomuser.me/api/portraits/women/55.jpg,Volleyball,Sewing,online,"Riga, LV","Wednesdays, 7:00 pm - 9:00 pm"
42,42,https://randomuser.me/api/portraits/men/52.jpg,Graphic Design,Embroidery,in-person,"Tallinn, EE","Thursdays, 12:00 pm - 3:00 pm"
43,43,https://randomuser.me/api/portraits/men/76.jpg,Creative Writing,Calligraphy,online,"Stockholm, SE","Sundays, 9:00 am - 12:00 pm"
44,44,https://randomuser.me/api/portraits/men/31.jpg,Pottery,Herbalism,online,"Gothenburg, SE","Fridays, 11:00 am - 2:00 pm"
45,45,https://randomuser.me/api/portraits/women/25.jpg,Sewing,Massage Therapy,in-person,"Oslo, NO","Mondays, 3:00 pm - 6:00 pm"
46,46,https://randomuser.me/api/portraits/men/33.jpg,Origami,Reiki,in-person,"Bergen, NO","Tuesdays and Thursdays, 4:00 pm - 7:00 pm"
47,47,https://randomuser.me/api/portraits/men/70.jpg,Drumming,Crystal Healing,online,"Helsinki, FI","Mondays, mornings"
48,48,https://randomuser.me/api/portraits/women/1.jpg,Running,Tarot Reading,in-person,"Tampere, FI","Saturdays, 8:00 am - 11:00 am"
49,49,https://randomuser.me/api/portraits/women/34.jpg,Boxing,Astrology,in-person,"Copenhagen, DK","Sundays, afternoons"
50,50,https://randomuser.me/api/portraits/women/23.jpg,Computer Science,Skateboarding,online,"Aarhus, DK","Mondays and Wednesdays, 10:00 am - 12:00 pm"
51,51,https://randomuser.me/api/portraits/men/57.jpg,Nature Photography,Cycling,in-person,"Malmö, SE","Thursdays, 9:00 am - 11:00 am"
52,52,https://randomuser.me/api/portraits/men/49.jpg,Knitting,Running,online,"Reykjavik, IS","Fridays, evenings"
53,53,https://randomuser.me/api/portraits/men/69.jpg,Fashion Design,Parkour,online,"Edmonton, CA","Weekends, all day"
54,54,https://randomuser.me/api/portraits/men/29.jpg,Surf Culture,Rock Climbing,in-person,"Toronto, CA","Monday to Friday, 7:00 am - 9:00 am"
55,55,https://randomuser.me/api/portraits/women/52.jpg,Tai Chi,Snowboarding,in-person,"Vancouver, CA","Sundays, 3:00 pm - 6:00 pm"
56,56,https://randomuser.me/api/portraits/men/7.jpg,Self-Defense,Skiing,online,"Montreal, CA","Tuesdays, 6:00 pm - 8:00 pm"
57,57,https://randomuser.me/api/portraits/men/0.jpg,Archery,Kayaking,online,"Ottawa, CA","Mondays and Thursdays, 1:00 pm - 4:00 pm"
58,58,https://randomuser.me/api/portraits/men/71.jpg,Crossfit,Scuba Diving,in-person,"New York, US","Wednesdays, 8:00 am - 10:00 am"
59,59,https://randomuser.me/api/portraits/men/58.jpg,Spiritual Guidance,Sailing,in-person,"Los Angeles, US","Fridays, 10:00 am - 12:00 pm"
60,60,https://randomuser.me/api/portraits/men/46.jpg,Bird Watching,Horseback Riding,online,"San Francisco, US","Saturdays, 1:00 pm - 3:00 pm"
61,61,https://randomuser.me/api/portraits/men/35.jpg,Surf Culture,Dog Training,online,"Austin, US","Mondays and Fridays, after 7:00 pm"
62,62,https://randomuser.me/api/portraits/men/86.jpg,Piano Playing,Fishing,in-person,"Seattle, US","Wednesdays, 4:00 pm - 6:00 pm"
63,63,https://randomuser.me/api/portraits/men/3.jpg,Bodybuilding,Survival Skills,in-person,"Denver, US","Tuesdays, 9:00 am - 11:00 am"
64,64,https://randomuser.me/api/portraits/men/70.jpg,Skate Culture,Sign Language,online,"Boston, US","Weekends, 12:00 pm - 4:00 pm"
65,65,https://randomuser.me/api/portraits/men/1.jpg,Feng Shui,Spanish,online,"Miami, US","Mondays, 7:00 pm - 9:00 pm"
66,66,https://randomuser.me/api/portraits/women/37.jpg,Tattoo Art,French,in-person,"Chicago, US","Thursdays, 11:00 am - 2"
67,67,https://randomuser.me/api/portraits/women/35.jpg,Lacrosse,Italian,in-person,"Dallas, US","Wednesdays, 7:00 pm - 9:00 pm"
68,68,https://randomuser.me/api/portraits/men/80.jpg,Public Speaking,German,online,"Atlanta, US","Thursdays, 12:00 pm - 3:00 pm"
69,69,https://randomuser.me/api/portraits/men/31.jpg,Mindfulness,Japanese,in-person,"Phoenix, US","Sundays, 9:00 am - 12:00 pm"
70,70,https://randomuser.me/api/portraits/women/32.jpg,Street Art,Chinese,in-person,"San Diego, US","Fridays, 11:00 am - 2:00 pm"
71,71,https://randomuser.me/api/portraits/men/26.jpg,Camping,Arabic,online,"Las Vegas, US","Mondays, 3:00 pm - 6:00 pm"
72,72,https://randomuser.me/api/portraits/men/90.jpg,Canoeing,Russian,in-person,"Houston, US","Tuesdays and Thursdays, 4:00 pm - 7:00 pm"
73,73,https://randomuser.me/api/portraits/women/67.jpg,Snowboarding,Portuguese,in-person,"Orlando, US","Mondays, mornings"
74,74,https://randomuser.me/api/portraits/men/92.jpg,Woodworking,Hiking,online,"Honolulu, US","Saturdays, 8:00 am - 11:00 am"
75,75,https://randomuser.me/api/portraits/women/81.jpg,Photography,Birdwatching,online,"Mexico City, MX","Sundays, afternoons"
76,76,https://randomuser.me/api/portraits/women/94.jpg,Rock Climbing,Foraging,in-person,"Santa Teresa, CR","Mondays and Wednesdays, 10:00 am - 12:00 pm"
77,77,https://randomuser.me/api/portraits/women/12.jpg,Parkour,Camping,in-person,"Guadalajara, MX","Thursdays, 9:00 am - 11:00 am"
78,78,https://randomuser.me/api/portraits/women/36.jpg,Horseback Riding,Astrophotography,online,"Monterrey, MX","Fridays, evenings"
79,79,https://randomuser.me/api/portraits/women/3.jpg,Golf,3D Modeling,in-person,"Medellin, CO","Weekends, all day"
80,80,https://randomuser.me/api/portraits/men/57.jpg,Photography,Animation,online,"Bogotá, CO","Monday to Friday, 7:00 am - 9:00 am"
81,81,https://randomuser.me/api/portraits/women/71.jpg,French Cooking,Acting,online,"Quito, EC","Sundays, 3:00 pm - 6:00 pm"
82,82,https://randomuser.me/api/portraits/men/95.jpg,Candle Making,Directing,in-person,"Lima, PE","Tuesdays, 6:00 pm - 8:00 pm"
83,83,https://randomuser.me/api/portraits/men/39.jpg,Yoga Nidra,Script Analysis,online,"Santiago, CL","Mondays and Thursdays, 1:00 pm - 4:00 pm"
84,84,https://randomuser.me/api/portraits/men/2.jpg,Baking,Entrepreneurship,in-person,"Buenos Aires, AR","Wednesdays, 8:00 am - 10:00 am"
85,85,https://randomuser.me/api/portraits/women/57.jpg,Personal Branding,Finance Basics,online,"São Paulo, BR","Fridays, 10:00 am - 12:00 pm"
86,86,https://randomuser.me/api/portraits/women/67.jpg,Cycling,Investing,online,"Rio de Janeiro, BR","Saturdays, 1:00 pm - 3:00 pm"
87,87,https://randomuser.me/api/portraits/men/71.jpg,Scrapbooking,Real Estate,in-person,"Brasilia, BR","Mondays and Fridays, after 7:00 pm"
88,88,https://randomuser.me/api/portraits/women/23.jpg,Astronomy,Project Management,online,"Cape Town, ZA","Wednesdays, 7:00 pm - 9:00 pm"
89,89,https://randomuser.me/api/portraits/men/8.jpg,Fishing,Public Relations,in-person,"Johannesburg, ZA","Thursdays, 12:00 pm - 3:00 pm"
90,90,https://randomuser.me/api/portraits/women/35.jpg,Cooking Classes,Event Planning,in-person,"Nairobi, KE","Sundays, 9:00 am - 12:00 pm"
91,91,https://randomuser.me/api/portraits/men/15.jpg,Barista Skills,Culinary Arts,online,"Accra, GH","Fridays, 11:00 am - 2:00 pm"
92,92,https://randomuser.me/api/portraits/women/66.jpg,Mindfulness Meditation,Sommelier Training,in-person,"Lagos, NG","Mondays, 3:00 pm - 6:00 pm"
93,93,https://randomuser.me/api/portraits/women/44.jpg,Tennis Coaching,Baking,online,"Cairo, EG","Tuesdays and Thursdays, 4:00 pm - 7:00 pm"
94,94,https://randomuser.me/api/portraits/men/28.jpg,CrossFit Training,Martial Arts,in-person,"Istanbul, TR","Mondays, mornings"
95,95,https://randomuser.me/api/portraits/men/66.jpg,Poetry Writing,Taekwondo,online,"Dubai, AE","Saturdays, 8:00 am - 11:00 am"
96,96,https://randomuser.me/api/portraits/women/78.jpg,Beekeeping,Karate,online,"Abu Dhabi, AE","Sundays, afternoons"
97,97,https://randomuser.me/api/portraits/women/45.jpg,Jewelry Making,Judo,in-person,"New Delhi, IN","Mondays and Wednesdays, 10:00 am - 12:00 pm"
98,98,https://randomuser.me/api/portraits/women/2.jpg,Chinese Calligraphy,Fencing,in-person,"Mumbai, IN","Thursdays, 9:00 am - 11:00 am"
99,99,https://randomuser.me/api/portraits/men/34.jpg,Yoga Therapy,Archery,online,"Bangalore, IN","Fridays, evenings"



100,100,https://randomuser.me/api/portraits/women/53.jpg,Guitar Playing,Wine Tasting,in-person,"Beijing, CN","Weekends, all day"